"cloudy blue","#acc2d9"
"dark pastel green","#56ae57"
dust brown,"#b2996e"
"neon yellow-green","#a8ff04"
"bright spring green","#69d84f"
"plum purple","#894585"
deep green,"#70b23f"
"pale cyan","#d4ffff"
"medium jade green","#65ab7c"
"warm purple","#952e8f"
"yellowish tan","#fcfc81"
cement gray,"#a5a391"
"dark grass green","#388004"
"muted blue-green","#4c9085"
"grey teal","#5e9b8a"
"bright orange-yellow","#efb435"
"muted peach","#d99b82"
"spruce green","#0a5f38"
"intense cobalt","#0c06f7"
"neon green","#61de2a"
"windows blue","#3778bf"
"vivid royal blue","#2242c7"
"indigo blue","#533cc6"
dark green,"#9bb53c"
"bright sea green","#05ffa6"
"dark green blue","#1f6357"
"deep turquoise","#017374"
"green teal","#0cb577"
"vivid magenta","#ff0789"
"muted khaki","#afa88b"
"deep aqua","#08787f"
"lavender pink","#dd85d7"
"light moss green","#a6c875"
"light seafoam green","#a7ffb5"
"olive yellow","#c2b709"
deep pink,"#e78ea5"
"deep lilac","#966ebd"
"desert tan","#ccad60"
"muted lavender","#ac86a8"
"lavender grey","#947e94"
"vibrant purple","#983fb2"
"hot pink","#ff63e9"
"light pastel green","#b2fba5"
"dull medium green","#63b365"
"bright yellow-green","#8ee53f"
"light grey green","#b7e1a1"
"orange pink","#ff6f52"
"pastel mint green","#bdf8a3"
"very light brown","#d3b683"
"pale ivory","#fffcc4"
"eggplant purple","#430541"
"powder pink","#ffb2d0"
"reddish grey","#997570"
"olive mustard","#ad900d"
"liliac","#c48efd"
"stormy blue","#507b9c"
"muddy olive green","#7d7103"
"custard yellow","#fffd78"
"darkish pink","#da467d"
"deep brown","#410200"
"pale olive beige","#c9d179"
"manilla cream","#fffa86"
"muted steel blue","#5684ae"
"battleship grey","#6b7c85"
"dark olive green","#6f6c0a"
"muted plum","#7e4071"
"kelley green","#009337"
"pale chartreuse","#d0e429"
"sunny yellow","#fff917"
"azul","#1d5dec"
"darkgreen","#054907"
"lime yellow","#b5ce08"
"lichen green","#8fb67b"
"pastel lime","#c8ffb0"
"pale gold","#fdde6c"
"sun yellow","#ffdf22"
"light olive green","#a9be70"
"blue-violet","#6832e3"
"butterscotch orange","#fdb147"
"taupe brown","#c7ac7d"
"dark cream","#fff39a"
"indian red","#850e04"
"light lavender","#efc0fe"
"neon lime","#40fd14"
"yellow olive","#b6c406"
"bright yellow green","#9dff00"
"charcoal grey","#3c4142"
"squash yellow","#f2ab15"
"cinnamon brown","#ac4f06"
"light pea green","#c4fe82"
"electric green","#2cfa1f"
"raw sienna","#9a6200"
"soft lavender","#ca9bf7"
"cocoa brown","#875f42"
"light royal blue","#3a2efe"
"peach orange","#fd8d49"
"rust brown","#8b3103"
"sand brown","#cba560"
"dull moss green","#698339"
"vibrant mint green","#0cdc73"
"burnt sienna","#b75203"
"olive drab","#7f8f4e"
"dusk blue","#26538d"
"fern green","#63a950"
"old rose pink","#c87f89"
"pastel light green","#b1fc99"
"coral peach","#ff9a8a"
"rosy pink","#f6688e"
"light aqua green","#76fda8"
"vivid lime green","#53fe5c"
"electric lime","#4efd54"
"light seafoam","#a0febf"
"tiffany blue","#7bf2da"
"pale spring green","#bcf5a6"
"burnt orange","#ca6b02"
"vivid sky blue","#107ab0"
"sapphire blue","#2138ab"
"muted teal","#719f91"
"golden orange","#fdb915"
"parchment beige","#fefcaf"
"straw yellow","#fcf679"
"very dark brown","#1d0200"
"terracota orange","#cb6843"
"dull denim blue","#31668a"
"clear blue","#247afd"
"creme yellow","#ffffb6"
"foam green","#90fda9"
"sage green","#86a17d"
"light gold","#fddc5c"
"soft teal","#78d1b6"
"topaz teal","#13bbaf"
"violet pink","#fb5ffc"
"wintergreen","#20f986"
"yellow tan","#ffe36e"
"dark fuchsia","#9d0759"
"indigo blue","#3a18b1"
"light yellowish green","#c2ff89"
"pale magenta","#d767ad"
"rich purple","#720058"
"sunflower yellow","#ffda03"
"teal green","#01c08d"
"medium brown","#ac7434"
"racing green","#014600"
"vivid purple","#9900fa"
"dark royal blue","#02066f"
"hazel brown","#8e7618"
"muted pink","#d1768f"
"yellowish olive","#96b403"
"canary yellow","#fdff63"
"cool grey","#95a3a6"
"dark taupe brown","#7f684e"
"darkish purple","#751973"
"vivid green","#089404"
"coral pink","#ff6163"
"dark sage","#598556"
"dark slate blue","#214761"
"medium blue","#3c73a8"
"mushroom beige","#ba9e88"
"rich blue","#021bf9"
"muted plum","#734a65"
"teal aqua","#23c48b"
"olive lime","#8fae22"
"light khaki","#e6f2a2"
"periwinkle blue","#4b57db"
"dark hot pink","#d90166"
"deep sea blue","#015482"
"carmine red","#9d0216"
"dark yellow green","#728f02"
"pale peach","#ffe5ad"
"plum purple","#4e0550"
"golden rod","#f9bc08"
"neon red","#ff073a"
"dusty rose","#c77986"
"very pale blue","#d6fffe"
"vivid tangerine","#fe4b03"
"soft coral red","#fd5956"
"sand yellow","#fce166"
"terra brown","#b2713d"
"dark blue grey","#1f3b4d"
"muted grassy green","#699d4c"
"light green blue","#56fca2"
"coral pink","#fb5581"
"dodger blue","#3e82fc"
"yellow olive green","#a0bf16"
"icy aqua","#d6fffa"
"steel blue","#4f738e"
"pale salmon","#ffb19a"
"sap green","#5c8b15"
"algae green","#54ac68"
"slate grey-blue","#89a0b0"
"sage grey","#7ea07a"
"fluorescent green","#1bfc06"
"pastel cyan","#cafffb"
"light mint","#b6ffbb"
"raw umber","#a75e09"
"vivid blue","#152eff"
"deep lavender","#8d5eb7"
"faded teal","#5f9e8f"
"pale teal","#63f7b4"
"dark olive drab","#606602"
"bubblegum pink","#fc86aa"
"red wine","#8c0034"
"dirty olive","#758000"
"tan brown","#ab7e4c"
"darkblue","#030764"
"rosa pink","#fe86a4"
"vivid crimson","#d5174e"
"pale mauve","#fed0fc"
"claret red","#680018"
"dandelion yellow","#fedf08"
"orange red","#fe420f"
"muddy olive green","#6f7c00"
"ruby red","#ca0147"
"very dark blue-grey","#1b2431"
"greenish turquoise","#00fbb0"
"pastel red","#db5856"
"faded golden yellow","#ddd618"
"bright cyan","#41fdfe"
"dark coral","#cf524e"
"algae green","#21c36f"
"darkish red","#a90308"
"reddy brown","#6e1005"
"blush pink","#fe828c"
"army green","#4b6113"
"lawn green","#4da409"
"beige tan","#beae8a"
"vibrant blue","#0339f8"
"dark sand beige","#a88f59"
"indigo violet","#5d21d0"
"saffron yellow","#feb209"
"twilight purple","#4e518b"
"warm brown","#964e02"
"bluegrey","#85a3b2"
"bright cotton candy pink","#ff69af"
"pale aqua blue","#c3fbf4"
"neon teal","#2afeb7"
"petrol blue","#005f6a"
"royal blue","#0c1793"
"butter yellow","#ffff81"
"dusty orange","#f0833a"
"off yellow","#f1f33f"
"pale olive green","#b1d27b"
"soft orange","#fc824a"
"leaf green","#71aa34"
"light blue grey","#b7c9e2"
"deep crimson","#4b0101"
"pastel violet","#a552e6"
"burnt red","#af2f0d"
"lavender blue","#8b88f8"
"light grass green","#9af764"
"light mint green","#a6fbb2"
"sunflower yellow","#ffc512"
"velvet purple","#750851"
"brick orange","#c14a09"
"vivid pink-red","#fe2f4a"
"pure blue","#0203e2"
"twilight blue","#0a437a"
"violet red","#a50055"
"ochre brown","#ae8b0c"
"carnation pink","#fd798f"
"dull mustard yellow","#bfac05"
"dark seafoam green","#3eaf76"
"deep rose pink","#c74767"
"dusty red","#b9484e"
"steel blue-grey","#647d8e"
"lemon lime","#bffe28"
"magenta violet","#d725de"
"golden ochre","#b29705"
"deep maroon","#673a3f"
"wisteria purple","#a87dc2"
"banana yellow","#fafe4b"
"crimson red","#c0022f"
"water blue","#0e87cc"
"taupe brown","#8d8468"
"vibrant purple","#ad03de"
"pastel mint green","#8cff9e"
"dirty chartreuse green","#94ac02"
"pale aqua","#c4fff7"
"sandy yellow","#fdee73"
"emerald green","#33b864"
"pale cream","#fff9d0"
"muted blue-grey","#758da3"
"neon magenta","#f504c9"
"dusty steel blue","#77a1b5"
"vibrant lavender","#8756e4"
"murky olive green","#889717"
"dusty rose","#c27e79"
"dark aquamarine","#017371"
"muddy ochre","#9f8303"
"light mustard yellow","#f7d560"
"pale sky blue","#bdf6fe"
"turtle green","#75b84f"
"bright olive","#9cbb04"
"dark grey blue","#29465b"
"dark olive-brown","#696006"
"bright chartreuse green","#adf802"
"light periwinkle blue","#c1c6fc"
"seaweed green","#35ad6b"
"sunshine yellow","#fffd37"
"muddy violet","#a442a0"
"medium pink","#f36196"
"muddy olive brown","#947706"
"very light pink","#fff4f2"
"viridian green","#1e9167"
"acidic yellow-green","#b5c306"
"faded yellow","#feff7f"
"very pale green","#cffdbc"
"vibrant green","#0add08"
"bright lime","#87fd05"
"spearmint green","#1ef876"
"light aquamarine","#7bfdc7"
"light sage","#bcecac"
"yellowgreen","#bbf90f"
"mustard olive green","#ab9004"
"dark seafoam green","#1fb57a"
"deep teal","#00555a"
"heather purple","#a484ac"
"rust orange","#c45508"
"dirty blue","#3f829d"
"fern green","#548d44"
"bright lilac","#c95efb"
"neon jade green","#3ae57f"
"peacock blue","#016795"
"avocado green","#87a922"
"faded orange","#f0944d"
"deep violet","#5d1451"
"vivid neon green","#25ff29"
"lime yellow","#d0fe1d"
"mango orange","#ffa62b"
"shamrock green","#01b44c"
"bright pink","#ff6cb5"
"plum brown","#6b4247"
"dull chartreuse green","#c7c10c"
"pale cyan","#b7fffa"
"key lime","#aeff6e"
"ripe red-orange","#ec2d01"
"bright mint green","#76ff7b"
"merlot red","#730039"
"midnight blue","#040348"
"magenta rose","#df4ec8"
"apple green","#6ecb3c"
"dark mustard green","#8f9805"
"green apple","#5edc1f"
"heliotrope purple","#d94ff5"
"lemon chartreuse green","#c8fd3d"
"near black","#070d0d"
"steel sky blue","#4984b8"
"leafy green","#51b73b"
"deep goldenrod","#ac7e04"
"dusk blue","#4e5481"
"dull brown","#876e4b"
"vivid leaf green","#58bc08"
"vivid green","#2fef10"
"bright light green","#2dfe54"
"fluorescent green","#0aff02"
"bright lime green","#9cef43"
"vibrant teal green","#18d17b"
"dark olive green","#35530a"
"ultramarine blue","#1805db"
"iris purple","#6258c4"
"pastel orange","#ff964f"
"yellowish orange","#ffab0f"
"periwinkle blue","#8f8ce7"
"aqua teal","#24bca8"
"dark plum","#3f012c"
"pear green","#cbf85f"
"coral orange","#ff724c"
"midnight purple","#280137"
"pastel violet","#b36ff6"
"dark mint","#48c072"
"olive beige","#bccb7a"
"light burgundy","#a8415b"
"turquoise blue","#06b1c4"
"dusty rose pink","#cd7584"
"sandy beige","#f1da7a"
"electric pink","#ff0490"
"muted purple","#805b87"
"mid green","#50a747"
"muted grey","#a8a495"
"neon yellow","#cfff04"
"pale yellow","#ffff7e"
"carnation pink","#ff7fa7"
"tomato red","#ef4026"
"muted aqua","#3c9992"
"dark mustard brown","#886806"
"bright aqua green","#04f489"
"buff yellow","#fef69e"
"fawn brown","#cfaf7b"
"muted blue","#3b719f"
"pale rose","#fdc1c5"
"dark mint green","#20c073"
"amethyst purple","#9b5fc0"
"teal blue-green","#0f9b8e"
"chestnut brown","#742802"
"dull lime","#9db92c"
"chartreuse green","#a4bf20"
"rusty orange","#cd5909"
"stone gray","#ada587"
"rose red","#be013c"
"pale aqua","#b8ffeb"
"deep orange","#dc4d01"
"earth brown","#a2653e"
"olive moss green","#638b27"
"vibrant grass green","#419c03"
"pale lime green","#b1ff65"
"light grey blue","#9dbcd4"
"pale grey","#fdfdfe"
"asparagus green","#77ab56"
"deep indigo blue","#464196"
"deep magenta red","#990147"
"pale lime","#befd73"
"jade aqua","#32bf84"
"caramel brown","#af6f09"
"deep magenta","#a0025c"
"light peach","#ffd8b1"
"chocolate brown","#7f4e1e"
"ocher yellow","#bf9b0c"
"muted jade","#6ba353"
"bright lavender pink","#f075e6"
"soft sky blue","#7bc8f6"
"faded royal blue","#475f94"
"golden yellow","#f5bf03"
"light beige","#fffeb6"
"butter yellow","#fffd74"
"dusky purple","#895b7b"
"french blue","#436bad"
"faded golden yellow","#d0c101"
"lime chartreuse","#c6f808"
"fiery red-orange","#f43605"
"shamrock green","#02c14d"
"burnt amber","#b25f03"
"tree green","#2a7e19"
"deep violet","#490648"
"gunmetal gray","#536267"
"electric indigo","#5a06ef"
"cherry red","#cf0234"
"sandy brown beige","#c4a661"
"warm grey","#978a84"
"dark indigo","#1f0954"
"midnight blue","#03012d"
"bluey green","#2bb179"
"grey pink","#c3909b"
"soft purple","#a66fb5"
"deep crimson red","#770001"
"brown red","#922b05"
"medium grey","#7d7f7c"
"berry red","#990f4b"
"muddy brown","#8f7303"
"vivid fuchsia","#c83cb9"
"light salmon pink","#fea993"
"murky chartreuse","#acbb0d"
"easter purple","#c071fe"
"light yellow green","#ccfd7f"
"dark navy blue","#00022e"
"drab olive","#828344"
"light rose","#ffc5cb"
"rouge red","#ab1239"
"purplish red","#b0054b"
"bright chartreuse green","#99cc04"
"dirty mustard","#937c00"
"irish green","#019529"
"vivid magenta pink","#ef1de7"
"dark navy","#000435"
"greeny blue","#42b395"
"light plum","#9d5783"
"dusty rose grey","#c8aca9"
"burnt orange-brown","#c87606"
"rust red","#aa2704"
"pale lilac","#e4cbff"
"vivid red-orange","#fa4224"
"primary blue","#0804f9"
"grassy lime green","#5cb200"
"plum brown","#76424e"
"olive drab","#6c7a0e"
"wheat yellow","#fbdd7e"
"near black violet","#2a0134"
"bottle green","#044a05"
"ripe red-pink","#fd4659"
"deep sky blue","#0d75f8"
"intense signal red","#fe0002"
"yellow ochre","#cb9d06"
"pumpkin orange","#fb7d07"
"pale olive","#b9cc81"
"light lilac","#edc8ff"
"bright mint lime","#61e160"
"carolina blue","#8ab8fe"
"mulberry purple","#920a4e"
"neon fuchsia","#fe02a2"
"deep reddish brown","#9a3001"
"bright lime green","#65fe08"
"celadon green","#befdb7"
"muted rosewood","#b17261"
"muddy ochre brown","#885f01"
"bright sky blue","#02ccfe"
"celery green","#c1fd95"
"earthy brown","#836539"
"strawberry","#fb2943"
"dark lime","#84b701"
"copper brown","#b66325"
"medium brown","#7f5112"
"muted green","#5fa052"
"pale turquoise blue","#6dedfd"
"bright aqua","#0bf9ea"
"bright lavender","#c760ff"
"ivory white","#ffffcb"
"very light purple","#f6cefc"
"light navy","#155084"
"hot pink","#f5054f"
"olive brown","#645403"
"muddy brown","#7a5901"
"olive chartreuse green","#a8b504"
"ocean green","#3d9973"
"very dark blue","#000133"
"dusty green","#76a973"
"light navy blue","#2e5a88"
"minty green","#0bf77d"
"adobe brown","#bd6c48"
"vivid purple","#ac1db8"
"jade green","#2baf6a"
"electric cyan","#26f7fd"
"pastel lime","#aefd6c"
"dark khaki","#9b8f55"
"golden orange","#ffad01"
"ochre yellow","#c69c04"
"maize yellow","#f4d054"
"faded pink","#de9dac"
"dark forest green","#05480d"
"sandstone beige","#c9ae74"
"dark earthy brown","#60460f"
"light sea green","#98f6b0"
"robin egg blue","#8af1fe"
"aqua marine blue","#2ee8bb"
"dark sea green","#11875d"
"soft pink","#fdb0c0"
"burnt sienna","#b16002"
"cherry red","#f7022a"
"golden mustard","#d5ab09"
"taupe brown","#86775f"
"camel brown","#c69f59"
"dusty mauve grey","#7a687f"
"marine blue","#042e60"
"soft rose pink","#c88d94"
"pale turquoise","#a5fbd5"
"pastel yellow","#fffe71"
"vibrant indigo purple","#6241c7"
"canary yellow","#fffe40"
"muted crimson","#d3494e"
"sepia","#985e2b"
"coffee brown","#a6814c"
"bright magenta","#ff08e8"
"mocha brown","#9d7651"
"ecru beige","#feffca"
"muted purple","#98568d"
"cranberry","#9e003a"
"darkish green","#287c37"
"brown orange","#b96902"
"dusky rose","#ba6873"
"melon orange","#ff7855"
"dull chartreuse green","#94b21c"
"silver","#c5c9c7"
"electric violet-blue","#661aee"
"vivid indigo blue","#6140ef"
"mint hospital green","#9be5aa"
"dirty ochre brown","#7b5804"
"mid blue","#276ab3"
"amber orange","#feb308"
"pastel spring green","#8cfd7e"
"soft blue","#6488ea"
"cerulean blue","#056eee"
"golden brown","#b27a01"
"bright turquoise","#0ffef9"
"neon rose","#fa2a55"
"wine magenta","#820747"
"warm taupe","#7a6a4f"
"vermillion red","#f4320c"
"russet brown","#a13905"
"steel grey","#6f828a"
"bright lavender","#a55af4"
"bright violet","#ad0afd"
"prussian blue","#004577"
"slate green","#658d6d"
"dusty rose","#ca7b80"
"deep teal","#005249"
"pine green","#2b5d34"
"lime yellow","#bff128"
"dark gold","#b59410"
"steel blue","#2976bb"
"deep blue","#014182"
"muted crimson","#bb3f3f"
"hot cherry pink","#fc2647"
"bronze","#a87900"
"pale teal","#82cbb2"
"military green","#667c3e"
"vibrant fuchsia pink","#fe46a5"
"bubblegum pink","#fe83cc"
"olive chartreuse green","#94a617"
"golden ochre","#a88905"
"muddy brown","#7f5f00"
"medium purple","#9e43a2"
"very dark green","#062e03"
"dirt brown","#8a6e45"
"dusky pink","#cc7a8b"
"red violet","#9e0168"
"lemon yellow","#fdff38"
"pistachio green","#c0fa8b"
"faded golden yellow","#eedc5b"
"dark lime green","#7ebd01"
"denim blue","#3b5b92"
"teal blue","#01889f"
"bright sky blue","#3d7afd"
"vibrant indigo","#5f34e7"
"light indigo","#6d5acf"
"muddy olive green","#748500"
"dark olive drab","#706c11"
"dark maroon","#3c0008"
"electric violet","#cb00f5"
"dark forest green","#002d04"
"faded blue","#658cbb"
"drab green","#749551"
"light lime green","#b9ff66"
"dull lime green","#9dc100"
"soft lemon yellow","#faee66"
"light blue green","#7efbb3"
"bordeaux red","#7b002c"
"light mauve","#c292a1"
"ocean blue","#017b92"
"marigold yellow","#fcc006"
"muddy green","#657432"
"dull orange","#d8863b"
"steel grey","#738595"
"electric purple","#aa23ff"
"fluorescent green","#08ff08"
"ochre brown","#9b7a01"
"soft rose pink","#f29e8e"
"soft green","#6fc276"
"bright orange","#ff5b00"
"lemon yellow","#fdff52"
"purple grey","#866f85"
"neon lime","#8ffe09"
"pale lavender","#eecffe"
"violet blue","#510ac9"
"light forest green","#4f9153"
"burnt red","#9f2305"
"khaki green","#728639"
"cerise pink","#de0c62"
"dusty violet","#916e99"
"apricot orange","#ffb16d"
"dark olive green","#3c4d03"
"taupe brown","#7f7053"
"sage grey","#77926f"
"true blue","#010fcc"
"pale violet","#ceaefa"
"periwinkle blue","#8f99fb"
"light sky blue","#c6fcff"
"indigo blue","#5539cc"
"dark olive brown","#544e03"
"teal blue","#017a79"
"bright teal","#01f9c6"
"ochre yellow","#c9b003"
"dull olive","#929901"
"forest green","#0b5509"
"vivid magenta purple","#a00498"
"ultramarine","#2000b1"
"muted lavender","#94568c"
"dirty chartreuse green","#c2be0e"
"bluish grey","#748b97"
"dark periwinkle","#665fd1"
"dark lilac","#9c6da5"
"dusty rose red","#c44240"
"light maroon","#a24857"
"dusty purple","#825f87"
"terra cotta","#c9643b"
"avocado green","#90b134"
"marine blue","#01386a"
"teal green","#25a36f"
"slate grey","#59656d"
"lighter green","#75fd63"
"electric green","#21fc0d"
"dusty blue","#5a86ad"
"golden yellow","#fec615"
"bright yellow","#fffd01"
"light lavender","#dfc5fe"
"umber brown","#b26400"
"muddy ochre","#7f5e00"
"dark peach","#de7e5d"
"jungle green","#048243"
"eggshell white","#ffffd4"
"denim blue","#3b638c"
"yellow brown","#b79400"
"dull purple","#84597e"
"chocolate brown","#411900"
"wine red","#7b0323"
"neon blue","#04d9ff"
"olive drab","#667e2c"
"light tan brown","#fbeeac"
"ice blue","#d7fffe"
"cadet blue","#4e7496"
"dark mauve purple","#874c62"
"very light blue","#d5ffff"
"grey purple","#826d8c"
"pastel pink","#ffbacd"
"very light green","#d1ffbd"
"dark sky blue","#448ee4"
"evergreen green","#05472a"
"dull pink","#d5869d"
"aubergine purple","#3d0734"
"mahogany brown","#4a0100"
"reddish orange","#f8481c"
"deep green","#02590f"
"murky chartreuse","#89a203"
"purple pink","#e03fd8"
"dusty pink","#d58a94"
"faded green","#7bb274"
"camo green","#526525"
"bright lavender pink","#c94cbe"
"vivid rose violet","#db4bda"
"rusty red","#9e3623"
"dark rose","#b5485d"
"earthy brown","#735c12"
"muted brown","#9c6d57"
"emerald green","#028f1e"
"pale brown","#b1916e"
"dull blue","#49759c"
"burnt umber","#a0450e"
"medium green","#39ad48"
"clay brown","#b66a50"
"light aqua","#8cffdb"
"light olive green","#a4be5c"
"warm amber","#cb7723"
"dark aqua","#05696b"
"bright mauve","#ce5dae"
"dark salmon","#c85a53"
"sage green","#96ae8d"
"jade green","#1fa774"
"dull olive green","#7a9703"
"dark beige","#ac9362"
"emerald green","#01a049"
"soft coral red","#d9544d"
"light magenta","#fa5ff7"
"sky blue","#82cafc"
"light cyan","#acfffc"
"yellow orange","#fcb001"
"reddish purple","#910951"
"reddish pink","#fe2c54"
"orchid purple","#c875c4"
"dull golden yellow","#cdc50a"
"orange red","#fd411e"
"deep red","#9a0200"
"orange brown","#be6400"
"cobalt blue","#030aa7"
"neon pink","#fe019a"
"rose pink","#f7879a"
"greyish purple","#887191"
"raspberry red","#b00149"
"aqua green","#12e193"
"salmon pink","#fe7b7c"
"tangerine orange","#ff9408"
"murky olive green","#6a6e09"
"red brown","#8b2e16"
"muddy olive green","#696112"
"pumpkin orange","#e17701"
"pine green","#0a481e"
"charcoal","#343837"
"baby pink","#ffb7ce"
"cornflower blue","#6a79f7"
"blue violet","#5d06e9"
"chocolate brown","#3d1c02"
"muted sage","#82a67d"
"scarlet red","#be0119"
"lime chartreuse","#c9ff27"
"deep olive","#373e02"
"sienna brown","#a9561e"
"pastel purple","#caa0ff"
"terracotta red","#ca6641"
"aqua blue","#02d8e9"
"sage green","#88b378"
"dark crimson","#980002"
"soft rose pink","#cb0162"
"medium leaf green","#5cac2d"
"muted moss green","#769958"
"pastel blue","#a2bffe"
"jade aqua","#10a674"
"teal green","#06b48b"
"dark tan","#af884a"
"deep aqua","#0b8b87"
"pale orange","#ffa756"
"dull yellow-green","#a2a415"
"forest green","#154406"
"dark lavender","#856798"
"dark violet","#34013f"
"purple blue","#632de9"
"dark cyan","#0a888a"
"olive drab","#6f7632"
"soft coral pink","#d46a7e"
"cobalt blue","#1e488f"
"electric violet","#bc13fe"
"light turquoise","#7ef4cc"
"apple green","#76cd26"
"dull green","#74a662"
"wine red","#80013f"
"powder blue","#b1d1fc"
"off white","#ffffe4"
"electric blue","#0652ff"
"dark turquoise","#045c5a"
"blue purple","#5729ce"
"azure blue","#069af3"
"bright red","#ff000d"
"hot rose red","#f10c45"
"cornflower blue","#5170d7"
"light olive","#acbf69"
"grape purple","#6c3461"
"greyish blue","#5e819d"
"electric violet","#601ef9"
"chartreuse lime","#b0dd16"
"lime yellow","#cdfd02"
"medium blue","#2c6fbb"
"dusty rose","#c0737a"
"light violet","#d6b4fc"
"midnight blue","#020035"
"vivid indigo violet","#703be7"
"red orange","#fd3c06"
"dark magenta","#960056"
"soft jade green","#40a368"
"ocean blue","#03719c"
"coral pink","#fc5a50"
"cream yellow","#ffffc2"
"rust brown","#7f2b0a"
"burnt sienna","#b04e0f"
"brick red","#a03623"
"sage green","#87ae73"
"grey green","#789b73"
"white","#ffffff"
"robin's egg blue","#98eff9"
"moss green","#658b38"
"steel blue","#5a7d9a"
"eggplant purple","#380835"
"light yellow","#fffe7a"
"leaf green","#5ca904"
"light grey","#d8dcd6"
"muddy chartreuse green","#a5a502"
"vibrant lavender magenta","#d648d7"
"sea blue","#047495"
"pale purple","#b790d4"
"slate blue","#5b7c99"
"slate blue-grey","#607c8e"
"hunter green","#0b4008"
"fuchsia","#ed0dd9"
"crimson","#8c000f"
"pale yellow","#ffff84"
"ochre yellow","#bf9005"
"mustard yellow","#d2bd0a"
"light red","#ff474c"
"cerulean","#0485d1"
"pale pink","#ffcfdc"
"deep blue","#040273"
"rust orange","#a83c09"
"light teal","#90e4c1"
"slate gray","#516572"
"goldenrod","#fac205"
"dark yellow","#d5b60a"
"dark grey","#363737"
"army green","#4b5d16"
"grey blue","#6b8ba4"
"seafoam","#80f9ad"
"puce brown","#a57e52"
"spring green","#a9f971"
"dark orange","#c65102"
"sand beige","#e2ca76"
"pastel green","#b0ff9d"
"mint green","#9ffeb0"
"light orange","#fdaa48"
"bright pink","#fe01b1"
"chartreuse","#c1f80a"
"deep purple","#36013f"
"dark brown","#341c02"
"taupe brown","#b9a281"
"olive lime","#8eab12"
"dirty chartreuse green","#9aae07"
"kelly green","#02ab2e"
"seafoam green","#7af9ab"
"deep teal","#137e6d"
"khaki","#aaa662"
"burgundy","#610023"
"dark teal","#014d4e"
"brick red","#8f1402"
"royal purple","#4b006e"
"plum purple","#580f41"
"mint green","#8fff9f"
"gold","#dbb40c"
"soft sky blue","#a2cffe"
"chartreuse yellow","#c0fb2d"
"bright purple","#be03fd"
"dark red","#840000"
"pale blue","#d0fefe"
"grass green","#3f9b0b"
"navy blue","#01153e"
"aquamarine","#04d8b2"
"burnt orange","#c04e01"
"neon green","#0cff0c"
"bright blue","#0165fc"
"rose pink","#cf6275"
"light pink","#ffd1df"
"mustard","#ceb301"
"indigo blue","#380282"
"bright lime","#aaff32"
"sea green","#53fca1"
"periwinkle blue","#8e82fe"
"dark pink","#cb416b"
"olive green","#677a04"
"peach orange","#ffb07c"
"pale green","#c7fdb5"
"light brown","#ad8150"
"hot pink","#ff028d"
"black","#000000"
"lilac purple","#cea2fd"
"navy blue","#001146"
"royal blue","#0504aa"
"beige","#e6daa6"
"salmon pink","#ff796c"
"dark olive","#6e750e"
"maroon","#650021"
"bright green","#01ff07"
"dark purple","#35063e"
"mauve pink","#ae7181"
"forest green","#06470c"
"vivid aqua blue","#13eac9"
"electric cyan","#00ffff"
"light sandy brown","#d1b26f"
"dark blue","#00035b"
"lavender purple","#c79fef"
"turquoise","#06c2ac"
"dark green","#033500"
"violet","#9a0eea"
"light purple","#bf77f6"
"lime green","#89fe05"
"grey","#929591"
"sky blue","#75bbfd"
"yellow","#ffff14"
"magenta","#c20078"
"light green","#96f97b"
"orange","#f97306"
"dark teal","#029386"
"light blue","#95d0fc"
"red","#e50000"
"brown","#653700"
"pink","#ff81c0"
"blue","#0343df"
"green","#15b01a"
"purple","#7e1e9c"
